,txt_file,result
0,SERASA-R13939315.txt,0
1,SERASA-R12193942.txt,1
2,SERASA-R2200224.txt,1
3,SERASA-R12322061.txt,1
4,SERASA-R2862418.txt,1
5,SERASA-R2223542.txt,1
6,SERASA-R1416594.txt,1
7,SERASA-R1782274.txt,1
8,SERASA-R12420371.txt,1
9,SERASA-R2017142.txt,1
10,SERASA-R1732956.txt,0
11,SERASA-R2029292.txt,1
12,SERASA-R2110482.txt,1
13,SERASA-R2216652.txt,1
14,SERASA-R2278871.txt,0
15,SERASA-R114892.txt,0
16,SERASA-R1749121.txt,0
17,SERASA-R1173217.txt,0
18,SERASA-R1442045.txt,1
19,SERASA-R1989743.txt,1
20,SERASA-R294336.txt,1
21,SERASA-R8942432.txt,1
22,SERASA-R12307521.txt,1
23,SERASA-R889493.txt,1
24,SERASA-R2282371.txt,0
25,SERASA-R347535.txt,0
26,SERASA-R2283241.txt,1
27,SERASA-R2230602.txt,0
28,SERASA-R822932.txt,0
29,SERASA-R18823412.txt,1
30,SERASA-R590461.txt,0
31,SERASA-R1366542.txt,1
32,SERASA-R12353661.txt,1
33,SERASA-R1441454.txt,1
34,SERASA-R216437.txt,1
35,SERASA-R2168693.txt,1
36,SERASA-R1039134.txt,0
37,SERASA-R957003.txt,1
38,SERASA-R12285611.txt,1
39,SERASA-R4503616.txt,0
40,SERASA-R12386772.txt,1
41,SERASA-R1073523.txt,1
42,SERASA-R1688851.txt,1
43,SERASA-R1460974.txt,1
44,SERASA-R20121.txt,0
45,SERASA-R12264031.txt,1
46,SERASA-R1815663.txt,1
47,SERASA-R12437832.txt,0
48,SERASA-R12233632.txt,0
49,SERASA-R736965.txt,1
50,SERASA-R2104784.txt,1
51,SERASA-R1919271.txt,0
52,SERASA-R12307141.txt,1
53,SERASA-R565932.txt,1
54,SERASA-R6953813.txt,1
55,SERASA-R465862.txt,1
56,SERASA-R12289612.txt,0
57,SERASA-R1841926.txt,1
58,SERASA-R448079.txt,1
59,SERASA-R307121.txt,1
60,SERASA-R882933.txt,0
61,SERASA-R15248011.txt,0
62,SERASA-R12156723.txt,0
63,SERASA-R1251983.txt,1
64,SERASA-R1641122.txt,1
65,SERASA-R796147.txt,0
66,SERASA-R217916.txt,1
67,SERASA-R12896611.txt,0
68,SERASA-R12284921.txt,1
69,SERASA-R11913711.txt,1
70,SERASA-R2055734.txt,1
71,SERASA-R12269821.txt,1
72,SERASA-R12403501.txt,1
73,SERASA-R222721.txt,1
74,SERASA-R802153.txt,1
75,SERASA-R12306311.txt,1
76,SERASA-R5075310.txt,1
77,SERASA-R1439294.txt,1
78,SERASA-R19203.txt,1
79,SERASA-R12403491.txt,1
80,SERASA-R610776.txt,0
81,SERASA-R2098791.txt,0
82,SERASA-R808052.txt,1
83,SERASA-R850503.txt,0
84,SERASA-R12316881.txt,0
85,SERASA-R12266631.txt,1
86,SERASA-R1440225.txt,1
87,SERASA-R12177962.txt,1
88,SERASA-R1073225.txt,1
89,SERASA-R1421514.txt,1
90,SERASA-R1792164.txt,1
91,SERASA-R13356411.txt,0
92,SERASA-R1913743.txt,0
93,SERASA-R259143.txt,0
94,SERASA-R1652324.txt,1
95,SERASA-R224211.txt,1
96,SERASA-R1922112.txt,0
97,SERASA-R1295824.txt,0
98,SERASA-R2287301.txt,0
99,SERASA-R12195055.txt,1
100,SERASA-R1741044.txt,1
101,SERASA-R1907133.txt,1
102,SERASA-R7483612.txt,1
103,SERASA-R549215.txt,1
104,SERASA-R12273931.txt,1
105,SERASA-R518153.txt,1
106,SERASA-R2004976.txt,0
107,SERASA-R1814338.txt,0
108,SERASA-R364665.txt,0
109,SERASA-R12154852.txt,1
110,SERASA-R2067193.txt,1
111,SERASA-R2234501.txt,0
112,SERASA-R6964911.txt,1
113,SERASA-R2299522.txt,1
114,SERASA-R2006232.txt,1
115,SERASA-R11840114.txt,1
116,SERASA-R1766425.txt,1
117,SERASA-R12403511.txt,0
118,SERASA-R12194721.txt,0
119,SERASA-R1853233.txt,0
120,SERASA-R12289361.txt,1
121,SERASA-R1961822.txt,0
122,SERASA-R12194763.txt,0
123,SERASA-R11676818.txt,0
124,SERASA-R12300871.txt,0
125,SERASA-R1138102.txt,0
126,SERASA-R1183131.txt,1
127,SERASA-R1510083.txt,1
128,SERASA-R484694.txt,1
129,SERASA-R1863261.txt,0
130,SERASA-R12156482.txt,1
131,SERASA-R12280181.txt,1
132,SERASA-R937156.txt,1
133,SERASA-R1296996.txt,1
134,SERASA-R1670944.txt,1
135,SERASA-R1625195.txt,0
136,SERASA-R1619706.txt,0
137,SERASA-R13033212.txt,1
138,SERASA-R12322291.txt,1
139,SERASA-R12374131.txt,1
140,SERASA-R1306806.txt,1
141,SERASA-R2225251.txt,1
142,SERASA-R12321841.txt,0
143,SERASA-R2242561.txt,0
144,SERASA-R12287051.txt,1
145,SERASA-R12258361.txt,1
146,SERASA-R2188762.txt,1
147,SERASA-R1039177.txt,1
148,SERASA-R12328031.txt,1
149,SERASA-R505245.txt,1
150,SERASA-R1059089.txt,0
151,SERASA-R12399541.txt,1
152,SERASA-R1169476.txt,1
153,SERASA-R14584813.txt,1
154,SERASA-R1061802.txt,1
155,SERASA-R1596813.txt,0
156,SERASA-R1579202.txt,1
157,SERASA-R446996.txt,0
158,SERASA-R295816.txt,1
159,SERASA-R106225.txt,1
160,SERASA-R658031.txt,1
161,SERASA-R14575820.txt,1
162,SERASA-R1710604.txt,1
163,SERASA-R1305293.txt,1
164,SERASA-R1215017.txt,0
165,SERASA-R1088782.txt,0
166,SERASA-R12260451.txt,0
167,SERASA-R2297451.txt,0
168,SERASA-R1746233.txt,0
169,SERASA-R12221751.txt,1
170,SERASA-R2082501.txt,0
171,SERASA-R12435751.txt,1
172,SERASA-R13855214.txt,1
173,SERASA-R1275724.txt,1
174,SERASA-R12286011.txt,1
175,SERASA-R12320902.txt,1
176,SERASA-R12382281.txt,0
177,SERASA-R2240321.txt,0
178,SERASA-R1843324.txt,1
179,SERASA-R10635510.txt,1
180,SERASA-R12156422.txt,1
181,SERASA-R2249262.txt,0
182,SERASA-R1920934.txt,1
183,SERASA-R12288201.txt,1
184,SERASA-R14597311.txt,0
185,SERASA-R12194911.txt,1
186,SERASA-R2122526.txt,0
187,SERASA-R12403611.txt,1
188,SERASA-R1584203.txt,1
189,SERASA-R1921623.txt,1
190,SERASA-R1308945.txt,1
191,SERASA-R2165823.txt,1
192,SERASA-R2097741.txt,0
193,SERASA-R1340974.txt,1
194,SERASA-R9554210.txt,1
195,SERASA-R1921342.txt,0
196,SERASA-R2210972.txt,0
197,SERASA-R12367951.txt,1
198,SERASA-R1092696.txt,0
199,SERASA-R871992.txt,1
200,SERASA-R1471149.txt,1
201,SERASA-R179218.txt,1
202,SERASA-R766413.txt,1
203,SERASA-R12306113.txt,1
204,SERASA-R1740263.txt,1
205,SERASA-R1974353.txt,1
206,SERASA-R1378992.txt,0
207,SERASA-R12368402.txt,0
208,SERASA-R12211812.txt,1
209,SERASA-R72024.txt,0
210,SERASA-R2230371.txt,1
211,SERASA-R12403481.txt,1
212,SERASA-R14661528.txt,1
213,SERASA-R12367541.txt,0
214,SERASA-R2067762.txt,0
215,SERASA-R5580119.txt,0
216,SERASA-R976013.txt,0
217,SERASA-R1459757.txt,1
218,SERASA-R17833411.txt,0
219,SERASA-R12211362.txt,1
220,SERASA-R1858132.txt,0
221,SERASA-R2234233.txt,1
222,SERASA-R1737253.txt,0
223,SERASA-R1052774.txt,1
224,SERASA-R997002.txt,0
225,SERASA-R1928703.txt,1
226,SERASA-R12277381.txt,1
227,SERASA-R2282401.txt,0
228,SERASA-R12286431.txt,1
229,SERASA-R1072515.txt,0
230,SERASA-R1676863.txt,0
231,SERASA-R12177942.txt,1
232,SERASA-R1962423.txt,0
233,SERASA-R2035583.txt,1
234,SERASA-R12193562.txt,1
235,SERASA-R1947702.txt,0
236,SERASA-R4348411.txt,1
237,SERASA-R1641171.txt,1
238,SERASA-R12286721.txt,1
239,SERASA-R12165393.txt,1
240,SERASA-R1297547.txt,0
241,SERASA-R1430234.txt,1
242,SERASA-R1186007.txt,1
243,SERASA-R667795.txt,1
244,SERASA-R826532.txt,0
245,SERASA-R1457858.txt,0
246,SERASA-R451405.txt,1
247,SERASA-R1763523.txt,0
248,SERASA-R1546119.txt,1
249,SERASA-R2014674.txt,1
250,SERASA-R12424481.txt,1
251,SERASA-R2233351.txt,1
252,SERASA-R1447231.txt,0
253,SERASA-R2015044.txt,0
254,SERASA-R1429304.txt,1
255,SERASA-R663352.txt,0
256,SERASA-R1790464.txt,0
257,SERASA-R12280211.txt,1
258,SERASA-R12371721.txt,0
259,SERASA-R2242893.txt,1
260,SERASA-R1298573.txt,1
261,SERASA-R1266704.txt,1
262,SERASA-R1306815.txt,0
263,SERASA-R12367551.txt,1
264,SERASA-R2295633.txt,0
265,SERASA-R12403281.txt,1
266,SERASA-R2297151.txt,0
267,SERASA-R12305351.txt,1
268,SERASA-R12347681.txt,0
269,SERASA-R13585713.txt,0
270,SERASA-R1985555.txt,1
271,SERASA-R2287332.txt,0
272,SERASA-R12367561.txt,1
273,SERASA-R12301391.txt,1
274,SERASA-R2025017.txt,0
275,SERASA-R8757329.txt,1
276,SERASA-R12366803.txt,0
277,SERASA-R12159211.txt,1
278,SERASA-R1791792.txt,0
279,SERASA-R12322321.txt,1
280,SERASA-R1760794.txt,1
281,SERASA-R1667596.txt,1
282,SERASA-R1281905.txt,1
283,SERASA-R2030303.txt,0
284,SERASA-R1770437.txt,1
285,SERASA-R12367571.txt,0
286,SERASA-R12430991.txt,1
287,SERASA-R2282432.txt,0
288,SERASA-R1774214.txt,1
289,SERASA-R1099459.txt,1
290,SERASA-R12387061.txt,1
291,SERASA-R12302481.txt,1
292,SERASA-R2266762.txt,0
293,SERASA-R1795636.txt,1
294,SERASA-R769474.txt,1
295,SERASA-R1431544.txt,1
296,SERASA-R2298413.txt,0
297,SERASA-R12285811.txt,1
298,SERASA-R2067291.txt,0
299,SERASA-R1788283.txt,1
300,SERASA-R1408454.txt,0
301,SERASA-R11425010.txt,1
302,SERASA-R1382563.txt,1
303,SERASA-R12165811.txt,1
304,SERASA-R1680064.txt,0
305,SERASA-R12299081.txt,1
306,SERASA-R2010103.txt,0
307,SERASA-R1340178.txt,1
308,SERASA-R1955571.txt,1
309,SERASA-R1455542.txt,0
310,SERASA-R2053855.txt,0
311,SERASA-R1093996.txt,1
312,SERASA-R2067692.txt,0
313,SERASA-R1216875.txt,0
314,SERASA-R893929.txt,0
315,SERASA-R2297862.txt,1
316,SERASA-R860862.txt,1
317,SERASA-R1851484.txt,1
318,SERASA-R12264601.txt,0
319,SERASA-R1487612.txt,1
320,SERASA-R12279041.txt,1
321,SERASA-R19943512.txt,0
322,SERASA-R1625807.txt,0
323,SERASA-R1058662.txt,1
324,SERASA-R1478832.txt,0
325,SERASA-R12286511.txt,1
326,SERASA-R12187652.txt,0
327,SERASA-R12284121.txt,0
328,SERASA-R1284763.txt,1
329,SERASA-R2010762.txt,0
330,SERASA-R1766324.txt,1
331,SERASA-R2099002.txt,0
332,SERASA-R7115110.txt,0
333,SERASA-R2211852.txt,0
334,SERASA-R8742023.txt,0
335,SERASA-R12285751.txt,1
336,SERASA-R2010974.txt,0
337,SERASA-R12212381.txt,1
338,SERASA-R873591.txt,1
339,SERASA-R12423701.txt,1
340,SERASA-R12312434.txt,0
341,SERASA-R2047412.txt,0
342,SERASA-R12259081.txt,1
343,SERASA-R12265721.txt,1
344,SERASA-R1466843.txt,1
345,SERASA-R12286041.txt,1
346,SERASA-R2282311.txt,0
347,SERASA-R1228752.txt,0
348,SERASA-R2297972.txt,1
349,SERASA-R12347671.txt,1
350,SERASA-R1106373.txt,1
351,SERASA-R2136174.txt,0
352,SERASA-R2229972.txt,0
353,SERASA-R1913495.txt,0
354,SERASA-R1308332.txt,0
355,SERASA-R12337401.txt,1
356,SERASA-R12305181.txt,1
357,SERASA-R12257771.txt,1
358,SERASA-R12281941.txt,1
359,SERASA-R1771132.txt,1
360,SERASA-R1749706.txt,1
361,SERASA-R1919883.txt,1
362,SERASA-R12367851.txt,1
363,SERASA-R1793534.txt,1
364,SERASA-R1793604.txt,0
365,SERASA-R12214412.txt,0
366,SERASA-R1667603.txt,1
367,SERASA-R12257682.txt,1
368,SERASA-R12253363.txt,1
369,SERASA-R1647672.txt,0
370,SERASA-R12347653.txt,1
371,SERASA-R843992.txt,1
372,SERASA-R12263311.txt,1
373,SERASA-R1682092.txt,0
374,SERASA-R12237422.txt,0
375,SERASA-R1010827.txt,0
376,SERASA-R12297241.txt,1
377,SERASA-R6966762.txt,0
378,SERASA-R1573564.txt,0
379,SERASA-R1737103.txt,0
380,SERASA-R12272541.txt,1
381,SERASA-R1799084.txt,1
382,SERASA-R12255854.txt,1
383,SERASA-R1208224.txt,1
384,SERASA-R2021672.txt,0
385,SERASA-R1170418.txt,1
386,SERASA-R1740233.txt,0
387,SERASA-R1998252.txt,0
388,SERASA-R12328051.txt,1
389,SERASA-R1681713.txt,1
390,SERASA-R2167791.txt,0
391,SERASA-R1418601.txt,1
392,SERASA-R2115051.txt,0
393,SERASA-R1942241.txt,0
394,SERASA-R12367611.txt,1
395,SERASA-R14661717.txt,1
396,SERASA-R1467234.txt,0
397,SERASA-R12277321.txt,1
398,SERASA-R2304271.txt,1
399,SERASA-R12371122.txt,1
400,SERASA-R12233681.txt,0
401,SERASA-R1638777.txt,1
402,SERASA-R1731082.txt,0
403,SERASA-R12284101.txt,0
404,SERASA-R12226722.txt,1
405,SERASA-R11743812.txt,1
406,SERASA-R1676478.txt,1
407,SERASA-R2282222.txt,0
408,SERASA-R12198974.txt,1
409,SERASA-R12283902.txt,1
410,SERASA-R1765496.txt,0
411,SERASA-R1061419.txt,1
412,SERASA-R12361231.txt,0
413,SERASA-R2282294.txt,1
414,SERASA-R2249362.txt,0
415,SERASA-R1219742.txt,0
416,SERASA-R2284183.txt,1
417,SERASA-R2294503.txt,0
418,SERASA-R12371761.txt,0
419,SERASA-R12403541.txt,1
420,SERASA-R1153332.txt,1
421,SERASA-R1150228.txt,0
422,SERASA-R1938202.txt,1
423,SERASA-R12286061.txt,0
424,SERASA-R2134164.txt,1
425,SERASA-R2108825.txt,0
426,SERASA-R12323292.txt,1
427,SERASA-R12356653.txt,0
428,SERASA-R1792206.txt,0
429,SERASA-R12299105.txt,1
430,SERASA-R12299091.txt,1
431,SERASA-R2228532.txt,1
432,SERASA-R12272031.txt,1
433,SERASA-R1677801.txt,0
434,SERASA-R12343811.txt,0
435,SERASA-R12279282.txt,1
436,SERASA-R1916853.txt,0
437,SERASA-R1266261.txt,0
438,SERASA-R2270453.txt,1
439,SERASA-R2036951.txt,1
440,SERASA-R1816242.txt,0
441,SERASA-R12306942.txt,1
442,SERASA-R1445841.txt,0
443,SERASA-R12353711.txt,0
444,SERASA-R12180522.txt,0
445,SERASA-R1938153.txt,0
446,SERASA-R1597616.txt,0
447,SERASA-R2082483.txt,1
448,SERASA-R1336842.txt,0
449,SERASA-R12284891.txt,1
450,SERASA-R1697851.txt,0
451,SERASA-R1854403.txt,0
452,SERASA-R1922531.txt,1
453,SERASA-R1922271.txt,1
454,SERASA-R6971962.txt,0
455,SERASA-R1961802.txt,1
456,SERASA-R1660664.txt,0
457,SERASA-R12424772.txt,0
458,SERASA-R12186012.txt,0
459,SERASA-R12159391.txt,0
460,SERASA-R12278433.txt,1
461,SERASA-R12177802.txt,0
462,SERASA-R12332991.txt,1
463,SERASA-R12186401.txt,1
464,SERASA-R1849545.txt,0
465,SERASA-R12424291.txt,1
466,SERASA-R2255931.txt,1
467,SERASA-R12387311.txt,0
468,SERASA-R12363341.txt,0
469,SERASA-R12436751.txt,1
470,SERASA-R1514787.txt,1
471,SERASA-R12213902.txt,1
472,SERASA-R12844411.txt,1
473,SERASA-R1687463.txt,1
474,SERASA-R46783.txt,0
475,SERASA-R1974303.txt,0
476,SERASA-R1701066.txt,1
477,SERASA-R1775403.txt,0
478,SERASA-R1026162.txt,0
479,SERASA-R1691526.txt,1
480,SERASA-R1045002.txt,1
481,SERASA-R12424491.txt,1
482,SERASA-R620503.txt,0
483,SERASA-R1095212.txt,1
484,SERASA-R1459875.txt,1
485,SERASA-R2058283.txt,1
486,SERASA-R7531012.txt,0
487,SERASA-R12256122.txt,0
488,SERASA-R1722912.txt,1
489,SERASA-R12290273.txt,0
490,SERASA-R6970767.txt,0
491,SERASA-R232692.txt,0
492,SERASA-R2148602.txt,0
493,SERASA-R1886594.txt,0
494,SERASA-R1796833.txt,0
495,SERASA-R1775716.txt,1
496,SERASA-R10962912.txt,1
497,SERASA-R2220181.txt,0
498,SERASA-R2132083.txt,1
499,SERASA-R1261509.txt,1
500,SERASA-R907294.txt,1
501,SERASA-R262124.txt,0
502,SERASA-R2132502.txt,0
503,SERASA-R542845.txt,1
504,SERASA-R977944.txt,1
505,SERASA-R12316841.txt,0
506,SERASA-R294321.txt,0
507,SERASA-R780405.txt,1
508,SERASA-R10670814.txt,1
509,SERASA-R1308932.txt,1
510,SERASA-R6961252.txt,0
511,SERASA-R12361461.txt,1
512,SERASA-R1289733.txt,0
513,SERASA-R2015031.txt,1
514,SERASA-R287342.txt,1
515,SERASA-R12246661.txt,1
516,SERASA-R590122.txt,0
517,SERASA-R1074142.txt,1
518,SERASA-R810723.txt,0
519,SERASA-R1324515.txt,1
520,SERASA-R10885852.txt,1
521,SERASA-R903155.txt,1
522,SERASA-R1705323.txt,0
523,SERASA-R437431.txt,1
524,SERASA-R12159062.txt,1
525,SERASA-R1598543.txt,1
526,SERASA-R5051610.txt,0
527,SERASA-R1781133.txt,1
528,SERASA-R11831821.txt,1
529,SERASA-R12403241.txt,1
530,SERASA-R457022.txt,1
531,SERASA-R1064384.txt,1
532,SERASA-R380468.txt,0
533,SERASA-R12211762.txt,1
534,SERASA-R1976591.txt,0
535,SERASA-R1248826.txt,0
536,SERASA-R1859955.txt,1
537,SERASA-R12307351.txt,1
538,SERASA-R12303891.txt,0
539,SERASA-R1787514.txt,0
540,SERASA-R414022.txt,0
541,SERASA-R14908910.txt,1
542,SERASA-R12441681.txt,1
543,SERASA-R1573499.txt,1
544,SERASA-R1425824.txt,1
545,SERASA-R12193312.txt,1
546,SERASA-R5047122.txt,0
547,SERASA-R132673.txt,0
548,SERASA-R1620293.txt,1
549,SERASA-R1922063.txt,0
550,SERASA-R8152746.txt,0
551,SERASA-R1503984.txt,0
552,SERASA-R1453806.txt,1
553,SERASA-R1790455.txt,1
554,SERASA-R858372.txt,1
555,SERASA-R12318081.txt,1
556,SERASA-R1794794.txt,1
557,SERASA-R2680911.txt,1
558,SERASA-R1672665.txt,1
559,SERASA-R12367031.txt,0
560,SERASA-R469462.txt,1
561,SERASA-R1780066.txt,0
562,SERASA-R51672.txt,1
563,SERASA-R1567911.txt,1
564,SERASA-R12257631.txt,1
565,SERASA-R1654723.txt,0
566,SERASA-R1947072.txt,1
567,SERASA-R1892311.txt,1
568,SERASA-R19972110.txt,0
569,SERASA-R1364732.txt,1
570,SERASA-R12235981.txt,1
571,SERASA-R2162703.txt,0
572,SERASA-R6954332.txt,0
573,SERASA-R536201.txt,1
574,SERASA-R12312821.txt,0
575,SERASA-R1297275.txt,0
576,SERASA-R2054751.txt,0
577,SERASA-R11668816.txt,1
578,SERASA-R1913477.txt,1
579,SERASA-R1669284.txt,1
580,SERASA-R1460687.txt,0
581,SERASA-R12168910.txt,0
582,SERASA-R505443.txt,0
583,SERASA-R1557006.txt,1
584,SERASA-R241766.txt,0
585,SERASA-R934962.txt,1
586,SERASA-R711483.txt,1
587,SERASA-R2059202.txt,1
588,SERASA-R1958383.txt,0
589,SERASA-R2010723.txt,0
590,SERASA-R1924084.txt,1
591,SERASA-R457533.txt,0
592,SERASA-R1490465.txt,0
593,SERASA-R1871543.txt,0
594,SERASA-R1519305.txt,0
595,SERASA-R12360491.txt,0
596,SERASA-R6966072.txt,0
597,SERASA-R1915641.txt,1
598,SERASA-R1815734.txt,1
599,SERASA-R1340353.txt,0
600,SERASA-R1466193.txt,1
601,SERASA-R12195082.txt,1
602,SERASA-R1473888.txt,1
603,SERASA-R1700335.txt,1
604,SERASA-R1650264.txt,1
605,SERASA-R1687472.txt,1
606,SERASA-R1634610.txt,1
607,SERASA-R1650682.txt,1
608,SERASA-R2087823.txt,1
609,SERASA-R2047354.txt,0
610,SERASA-R1638604.txt,1
611,SERASA-R1761473.txt,0
612,SERASA-R1253376.txt,1
613,SERASA-R55975.txt,1
614,SERASA-R12284051.txt,1
615,SERASA-R1983193.txt,1
616,SERASA-R1041515.txt,1
617,SERASA-R9072415.txt,1
618,SERASA-R12261141.txt,1
619,SERASA-R14102611.txt,1
620,SERASA-R1191816.txt,0
621,SERASA-R1208516.txt,1
622,SERASA-R2232343.txt,1
623,SERASA-R231298.txt,1
624,SERASA-R1524474.txt,1
625,SERASA-R1228185.txt,1
626,SERASA-R1308325.txt,0
627,SERASA-R1783383.txt,1
628,SERASA-R12322271.txt,1
629,SERASA-R2229951.txt,0
630,SERASA-R1428155.txt,1
631,SERASA-R2057903.txt,1
632,SERASA-R1195706.txt,1
633,SERASA-R1208106.txt,1
634,SERASA-R1137692.txt,1
635,SERASA-R153633.txt,1
636,SERASA-R2132461.txt,0
637,SERASA-R610764.txt,1
638,SERASA-R12263841.txt,1
639,SERASA-R1307025.txt,1
640,SERASA-R1762454.txt,0
641,SERASA-R1528729.txt,0
642,SERASA-R1544545.txt,1
643,SERASA-R1358833.txt,1
644,SERASA-R14661310.txt,1
645,SERASA-R8689012.txt,1
646,SERASA-R1002173.txt,1
647,SERASA-R1907154.txt,0
648,SERASA-R1138458.txt,0
649,SERASA-R606314.txt,1
650,SERASA-R1813972.txt,0
651,SERASA-R1241551.txt,1
652,SERASA-R1216869.txt,1
653,SERASA-R438032.txt,1
654,SERASA-R721738.txt,1
655,SERASA-R12307121.txt,1
656,SERASA-R8084510.txt,0
657,SERASA-R1503436.txt,0
658,SERASA-R1154964.txt,1
659,SERASA-R294631.txt,0
660,SERASA-R1209126.txt,0
661,SERASA-R19676.txt,1
662,SERASA-R11376811.txt,0
663,SERASA-R1322803.txt,1
664,SERASA-R2230101.txt,0
665,SERASA-R12422641.txt,1
666,SERASA-R1922053.txt,0
667,SERASA-R1924033.txt,1
668,SERASA-R12280071.txt,1
669,SERASA-R1669215.txt,1
670,SERASA-R1457915.txt,1
671,SERASA-R11306010.txt,1
672,SERASA-R12272021.txt,1
673,SERASA-R188991.txt,0
674,SERASA-R3948314.txt,0
675,SERASA-R1651666.txt,1
676,SERASA-R1972719.txt,1
677,SERASA-R427474.txt,1
678,SERASA-R1978864.txt,0
679,SERASA-R1435924.txt,1
680,SERASA-R1271807.txt,1
681,SERASA-R12159651.txt,1
682,SERASA-R6704122.txt,1
683,SERASA-R1786654.txt,1
684,SERASA-R1725662.txt,1
685,SERASA-R7498410.txt,1
686,SERASA-R2059222.txt,1
687,SERASA-R1793572.txt,1
688,SERASA-R1066191.txt,0
689,SERASA-R12316941.txt,1
690,SERASA-R1913704.txt,1
691,SERASA-R566524.txt,1
692,SERASA-R12162081.txt,0
693,SERASA-R1923162.txt,1
694,SERASA-R2251402.txt,1
695,SERASA-R12448110.txt,1
696,SERASA-R1958482.txt,1
697,SERASA-R1957082.txt,0
698,SERASA-R2077311.txt,1
699,SERASA-R1206571.txt,1
700,SERASA-R1767933.txt,0
701,SERASA-R1870862.txt,1
702,SERASA-R1639283.txt,0
703,SERASA-R12332961.txt,1
704,SERASA-R1807851.txt,1
705,SERASA-R1457714.txt,0
706,SERASA-R12286021.txt,1
707,SERASA-R507633.txt,0
708,SERASA-R2275996.txt,0
709,SERASA-R2075154.txt,1
710,SERASA-R1413878.txt,1
711,SERASA-R2522410.txt,1
712,SERASA-R1805312.txt,1
713,SERASA-R967279.txt,1
714,SERASA-R297133.txt,1
715,SERASA-R1774503.txt,0
716,SERASA-R2030312.txt,1
717,SERASA-R451392.txt,1
718,SERASA-R1049206.txt,1
719,SERASA-R1639005.txt,1
720,SERASA-R1921564.txt,0
721,SERASA-R1573484.txt,1
722,SERASA-R1859945.txt,1
723,SERASA-R1533278.txt,0
724,SERASA-R1151721.txt,1
725,SERASA-R1777132.txt,1
726,SERASA-R1010342.txt,1
727,SERASA-R570447.txt,1
728,SERASA-R890742.txt,1
729,SERASA-R1272502.txt,0
730,SERASA-R155488.txt,0
731,SERASA-R925111.txt,1
732,SERASA-R159335.txt,0
733,SERASA-R1190253.txt,0
734,SERASA-R1057456.txt,1
735,SERASA-R468784.txt,0
736,SERASA-R1392776.txt,1
737,SERASA-R89315.txt,1
738,SERASA-R422814.txt,0
739,SERASA-R563226.txt,0
740,SERASA-R632271.txt,0
741,SERASA-R1004695.txt,0
742,SERASA-R1282737.txt,1
743,SERASA-R389688.txt,0
744,SERASA-R59777.txt,0
745,SERASA-R9388212.txt,1
746,SERASA-R436837.txt,0
747,SERASA-R147961.txt,1
748,SERASA-R1681223.txt,1
749,SERASA-R2196592.txt,0
750,SERASA-R685876.txt,0
751,SERASA-R741016.txt,0
752,SERASA-R292686.txt,1
753,SERASA-R914138.txt,0
754,SERASA-R258805.txt,0
755,SERASA-R436665.txt,1
756,SERASA-R1484217.txt,1
757,SERASA-R70709.txt,0
758,SERASA-R10674715.txt,1
759,SERASA-R265713.txt,0
760,SERASA-R51684.txt,0
761,SERASA-R939607.txt,1
762,SERASA-R952613.txt,1
763,SERASA-R159853.txt,1
764,SERASA-R344929.txt,0
765,SERASA-R2077079.txt,1
766,SERASA-R362382.txt,1
767,SERASA-R450799.txt,0
768,SERASA-R4179418.txt,1
769,SERASA-R4362912.txt,1
770,SERASA-R311316.txt,1
771,SERASA-R540374.txt,0
772,SERASA-R859533.txt,0
773,SERASA-R2942310.txt,1
774,SERASA-R1022505.txt,1
775,SERASA-R8394011.txt,1
776,SERASA-R648387.txt,1
777,SERASA-R3479112.txt,0
778,SERASA-R573322.txt,1
779,SERASA-R1045013.txt,1
780,SERASA-R237006.txt,0
781,SERASA-R1929223.txt,1
782,SERASA-R284854.txt,1
783,SERASA-R1752461.txt,0
784,SERASA-R1095364.txt,0
785,SERASA-R88594.txt,1
786,SERASA-R13965613.txt,1
787,SERASA-R6957362.txt,1
788,SERASA-R12273471.txt,1
789,SERASA-R2114042.txt,0
790,SERASA-R1309445.txt,0
791,SERASA-R569595.txt,0
792,SERASA-R1641154.txt,1
793,SERASA-R781982.txt,1
794,SERASA-R1211796.txt,0
795,SERASA-R2010733.txt,0
796,SERASA-R12261131.txt,1
797,SERASA-R1794913.txt,1
798,SERASA-R1059037.txt,0
799,SERASA-R12221431.txt,0
800,SERASA-R94255.txt,0
0,SERASA-R12365115.txt,1
1,SERASA-R12323984.txt,1
2,SERASA-R7138425.txt,1
3,SERASA-R12370634.txt,1
4,SERASA-R1084436.txt,1
5,SERASA-R12347654.txt,1
6,SERASA-R1539343.txt,1
7,SERASA-R13145555.txt,1
8,SERASA-R12384665.txt,1
9,SERASA-R12168947.txt,1
10,SERASA-R12278995.txt,1
11,SERASA-R2942315.txt,1
12,SERASA-R12347521.txt,1
13,SERASA-R12343044.txt,1
14,SERASA-R12209715.txt,1
15,SERASA-R12362065.txt,1
16,SERASA-R12305344.txt,1
17,SERASA-R2093654.txt,1
18,SERASA-R1295817.txt,1
19,SERASA-R1769506.txt,1
20,SERASA-R12242436.txt,1
21,SERASA-R22345010.txt,1
22,SERASA-R12331525.txt,1
23,SERASA-R12328365.txt,1
24,SERASA-R12278433.txt,1
25,SERASA-R2297153.txt,1
26,SERASA-R12380272.txt,1
27,SERASA-R12394534.txt,1
28,SERASA-R12414173.txt,1
29,SERASA-R2132206.txt,1
30,SERASA-R1293274.txt,1
31,SERASA-R1606426.txt,1
32,SERASA-R560244.txt,1
33,SERASA-R12434772.txt,1
34,SERASA-R1498186.txt,1
35,SERASA-R6951495.txt,1
36,SERASA-R1679577.txt,1
37,SERASA-R1211631.txt,1
38,SERASA-R2022418.txt,1
39,,1
40,,1
41,SERASA-R12194775.txt,1
42,SERASA-R1817372.txt,1
43,SERASA-R1602602.txt,1
44,,1
45,,1
46,SERASA-R1983272.txt,1
47,SERASA-R12319102.txt,1
48,SERASA-R1176792.txt,1
49,SERASA-R1273234.txt,1
50,,1
51,SERASA-R12288562.txt,1
52,SERASA-R1146803.txt,1
53,SERASA-R855701.txt,1
54,SERASA-R19705015.txt,1
55,,1
56,,1
57,SERASA-R2017142.txt,1
58,SERASA-R1795636.txt,1
59,,1
60,SERASA-R1109513.txt,0
61,SERASA-R12325781.txt,0
62,SERASA-R1163789.txt,0
63,,0
64,SERASA-R1284455.txt,0
65,,0
66,SERASA-R2162434.txt,0
67,SERASA-R114892.txt,0
68,SERASA-R2226512.txt,0
69,SERASA-R12361381.txt,0
70,SERASA-R12306221.txt,0
71,SERASA-R12266171.txt,0
72,SERASA-R1253377.txt,0
73,SERASA-R1268653.txt,0
74,SERASA-R1059038.txt,0
75,,0
76,SERASA-R12388941.txt,0
77,SERASA-R12302381.txt,0
78,,0
79,SERASA-R12356041.txt,0
80,SERASA-R12371123.txt,0
81,SERASA-R12844411.txt,0
82,SERASA-R1672761.txt,0
83,SERASA-R1741182.txt,0
84,SERASA-R12368402.txt,0
85,SERASA-R12366803.txt,0
86,SERASA-R1619706.txt,0
87,SERASA-R1208516.txt,0
88,SERASA-R1197034.txt,0
89,SERASA-R907294.txt,0
90,SERASA-R12422381.txt,0
91,SERASA-R873591.txt,0
92,SERASA-R2004976.txt,0
93,SERASA-R2030303.txt,0
94,SERASA-R610776.txt,0
95,SERASA-R2200225.txt,0
96,SERASA-R1922113.txt,0
